Nome Olfazeta;Ispirato a:;Marca;Cod. 15ml;Prezzo 15ml;Cod. 30ml;Prezzo 30ml;Cod. 70ml;Prezzo 70ml
ONE MILLION;Paco Rabanne;PACO RABANNE;T001;11.90 €;301;18.00 €;001;35.00 €
ACQUA DI GIO';Armani;ARMANI;T002;11.90 €;302;18.00 €;002;35.00 €
FAHRENHEIT;Dior;DIOR;T003;11.90 €;303;18.00 €;003;35.00 €
THE ONE;D&G;D&G;T004;11.90 €;304;18.00 €;004;35.00 €
UNBENDING MAN;Hugo;HUGO BOSS;T150M;11.90 €;3150M;18.00 €;150M;35.00 €
EAU DE SAUVAGE;Dior;DIOR;T012;11.90 €;312;18.00 €;012;35.00 €
ROMA;L. Biagiotti;L. BIAGIOTTI;T015;11.90 €;315;18.00 €;015;35.00 €
LE MALE;JPG;JPG;T016;11.90 €;316;18.00 €;016;35.00 €
TO THE EDGE;Guilty;GUCCI;T152M;11.90 €;3152M;18.00 €;152M;35.00 €
DECLARATION;Cartier;CARTIER;T018;11.90 €;318;18.00 €;018;35.00 €
LA NUIT DE L'HOMME;YSL;YSL;T020;11.90 €;320;18.00 €;020;35.00 €
LIGHT BLUE;D&G;D&G;T021;11.90 €;321;18.00 €;021;35.00 €
TERRE D'HERMES;Hermes;HERMES;T022;11.90 €;322;18.00 €;022;35.00 €
BLACK XS;Paco Rabanne;PACO RABANNE;T030;11.90 €;330;18.00 €;030;35.00 €
BLU;Bulgari;BULGARI;T031;11.90 €;331;18.00 €;031;35.00 €
SPICE BOMB;Viktor & Rolf;VIKTOR & ROLF;T032;11.90 €;332;18.00 €;032;35.00 €
BLACK CODE;Armani;ARMANI;T033;11.90 €;333;18.00 €;033;35.00 €
MAN;Bulgari;BULGARI;T037;11.90 €;337;18.00 €;037;35.00 €
BLEU;Chanel;CHANEL;T038;11.90 €;338;18.00 €;038;35.00 €
TRUE SELF;CK One;CALVIN KLEIN;T155U;11.90 €;3155U;18.00 €;155U;35.00 €
ALLURE HOMME;Chanel;CHANEL;T048;11.90 €;348;18.00 €;048;35.00 €
BRITISH CHARM;Burberry;BURBERRY;T160M;11.90 €;3160M;18.00 €;160M;35.00 €
PASHA;Cartier;CARTIER;T052;11.90 €;352;18.00 €;052;35.00 €
MILLESIME IMPERIAL;Creed;CREED;T060;14.90 €;360;25.50 €;060;48.00 €
INVICTUS;Paco Rabanne;PACO RABANNE;T061;11.90 €;361;18.00 €;061;35.00 €
INTENSO;D&G;D&G;T062;11.90 €;362;18.00 €;062;35.00 €
AFTERTOUCH;The Scent;HUGO BOSS;T157M;11.90 €;3157M;18.00 €;157M;35.00 €
SCENT INTENSE;Costume Nat.;C. NATIONAL;T066;11.90 €;366;18.00 €;066;35.00 €
AVENTUS;Creed;CREED;T068;17.90 €;368;29.50 €;068;57.00 €
ACQUA DI SALE;Profumo Roma;PROFUMO ROMA;T069;11.90 €;369;18.00 €;069;35.00 €
ULTRAVIOLET;Paco Rabanne;PACO RABANNE;T078;11.90 €;378;18.00 €;078;35.00 €
MYSLF;YSL;YSL;T079;11.90 €;379;18.00 €;079;35.00 €
BLUE DYLAN;Versace;VERSACE;T084;11.90 €;384;18.00 €;084;35.00 €
MONT BLANC;Legend;MONT BLANC;T086;11.90 €;386;18.00 €;086;35.00 €
WANTED;Azzaro;AZZARO;T087;11.90 €;387;18.00 €;087;35.00 €
MAN IN BLACK;Bulgari;BULGARI;T088;11.90 €;388;18.00 €;088;35.00 €
CHROME;Azzaro;AZZARO;T091;11.90 €;391;18.00 €;091;35.00 €
SAUVAGE;Dior;DIOR;T094;14.90 €;394;25.50 €;094;48.00 €
GREEN IRISH TWEED;Creed;CREED;T108;14.90 €;3108;25.50 €;108;48.00 €
SUR LA ROUTE;Louis Vuitton;LOUIS VUITTON;T113;17.90 €;3113;29.50 €;113;57.00 €
HOMME INTENSE;Dior;DIOR;T136;13.90 €;3136;23.50 €;136;45.00 €
EROS;Versace;VERSACE;T140;11.90 €;3140;18.00 €;140;35.00 €
DARK NECTAR;Bottled Absolu;HUGO BOSS;T147M;11.90 €;3147M;18.00 €;147M;35.00 €
ETERNAL LOVE;Born in Roma;VALENTINO;T162M;11.90 €;3162M;18.00 €;162M;35.00 €